"Model","Scenario","Region","Variable","Unit","2020","2025","2030","2035","2040","2045","2050","2055","2060","2065","2070","2075","2080","2085","2090","2095","2100"
"GCAM 6.0 NGFS","Below 2?C (version: 1)","World","Emissions|CO2","Mt CO2/yr",36039.0033,35347.28895,29549.14804,24301.61003,19048.63634,13907.5818,8829.904221,5244.729484,1698.010095,-1141.52232,-3165.056547,-5085.914059,-5192.409086,-5246.878344,-5262.514988,-5250.299249,-5217.607977
"GCAM 6.0 NGFS","Below 2?C (version: 1)","World","Emissions|CO2|Energy and Industrial Processes","Mt CO2/yr",34691.05739,34523.66009,29248.53808,24524.44429,19795.29631,15178.49842,10625.11438,7039.374659,3491.937626,652.0098287,-1371.427622,-3292.545043,-3398.84919,-3453.294842,-3468.979036,-3456.824053,-3424.187145
"GCAM 6.0 NGFS","Below 2?C (version: 1)","World","Emissions|HFC|HFC23","kt HFC23/yr",12.31255527,14.56345839,15.47834643,16.10219125,16.48929597,16.61978084,16.2068839,15.42556067,15.07806943,14.78501039,14.4262635,13.86984721,13.98951264,13.95001328,13.73770763,13.46560183,13.16349781
"GCAM 6.0 NGFS","Below 2?C (version: 1)","World","Emissions|HFC|HFC143a","kt HFC143a/yr",71.8351786,81.6383024,89.9088156,81.71218988,76.5927921,63.86717705,54.21373477,35.9150026,28.6840928,25.9740264,23.2072849,19.796926,21.6349647,22.5619351,22.5555856,22.0036739,21.2731435
"GCAM 6.0 NGFS","Below 2?C (version: 1)","World","Emissions|NH3","Mt NH3/yr",58.15786321,61.58913746,63.61757721,65.93189359,67.96016372,69.68382245,71.13223802,71.53007391,72.0087206,72.63936596,72.60823989,72.26772746,73.89045322,75.01051581,75.61554539,75.85473793,75.85986337
"GCAM 6.0 NGFS","Below 2?C (version: 1)","World","Emissions|F-Gases","Mt CO2-equiv/yr",1236.474941,1335.548402,1373.79544,1277.647613,1219.789753,1059.547286,932.4234437,712.7821882,637.0635321,610.129693,583.0643285,546.8542621,559.9300458,563.8899962,557.8184416,544.5587605,528.8378137
"GCAM 6.0 NGFS","Below 2?C (version: 1)","World","Emissions|PFC","kt CF4-equiv/yr",5.929292217,6.480895427,6.232795727,6.213865261,6.159886075,5.934460797,5.442937501,4.553279779,4.36858604,4.16022023,3.929638731,3.627456481,3.431854357,3.165911779,2.832869195,2.449675573,2.15322166
"GCAM 6.0 NGFS","Below 2?C (version: 1)","World","Emissions|HFC","kt HFC134a-equiv/yr",448.9220769,449.142004,442.4477123,398.3181432,371.1635566,301.5849668,251.7210058,169.2398655,138.188722,127.2285911,115.9363426,102.3409087,100.6105189,99.2408694,97.49304468,94.35514685,91.42667253
"GCAM 6.0 NGFS","Below 2?C (version: 1)","World","Emissions|BC","Mt BC/yr",6.302314255,5.520187452,4.795725286,4.273578795,3.820635377,3.406951669,3.035682341,2.689699892,2.38441906,2.146299767,1.968191853,1.856460773,1.885960389,1.903855158,1.907415346,1.912857907,1.918049207
"GCAM 6.0 NGFS","Below 2?C (version: 1)","World","Emissions|CF4","kt CF4/yr",4.555021732,4.995453203,4.933689331,4.929570602,4.876996205,4.686509181,4.257903103,3.444143128,3.268183131,3.072949457,2.859230776,2.588234854,2.394875576,2.143450446,1.837058654,1.487848195,1.221658447
"GCAM 6.0 NGFS","Below 2?C (version: 1)","World","Emissions|N2O","kt N2O/yr",9124.674396,9281.935404,8842.39029,8803.368196,8862.231052,8842.615115,8787.685434,8825.315438,8854.78726,8882.768614,8790.319407,8609.530848,8972.06441,9259.165055,9443.109736,9555.535613,9629.827955
"GCAM 6.0 NGFS","Below 2?C (version: 1)","World","Emissions|OC","Mt OC/yr",25.86904883,23.91380757,21.48410441,20.05228086,18.60024052,17.43918811,16.76859644,15.85308183,15.21935407,14.70896539,14.24693712,14.13799118,14.37978124,14.38962315,14.24781358,14.12213436,14.02337038
"GCAM 6.0 NGFS","Below 2?C (version: 1)","World","Emissions|HFC|HFC32","kt HFC32/yr",5.209188883,5.934666986,6.545581325,5.948557331,5.575389159,4.649490275,3.947742307,2.61836417,2.09138844,1.89378899,1.69205584,1.4434007,1.57754247,1.6452375,1.64485783,1.604679,1.551474754
"GCAM 6.0 NGFS","Below 2?C (version: 1)","World","Emissions|NOx","Mt NO2/yr",120.8096459,102.8234428,83.43371099,69.8553176,61.34005214,54.50054433,47.38881071,42.10321236,36.72053074,32.37003373,29.12024287,26.24418229,27.08174692,28.24351088,29.34277957,30.34680263,31.27005864
"GCAM 6.0 NGFS","Below 2?C (version: 1)","World","Emissions|HFC|HFC134a","kt HFC134a/yr",245.756497,226.8519851,203.9090447,176.3062598,159.2512899,115.5278449,85.86394838,43.15867875,29.4396189,26.81106563,24.01955149,20.82968524,18.04650759,16.41763401,15.61984655,14.74378131,13.83870878
"GCAM 6.0 NGFS","Below 2?C (version: 1)","World","Emissions|SF6","kt SF6/yr",3.298971891,3.805551564,3.385323598,3.272027798,3.28874981,3.300078448,3.277132345,3.35431624,3.674425725,3.924112608,4.202673205,4.45712925,4.594808702,4.695597592,4.73814982,4.735696316,4.701046105
"GCAM 6.0 NGFS","Below 2?C (version: 1)","World","Emissions|HFC|HFC245fa","kt HFC245fa/yr",3.703861321,4.06286169,6.57531884,6.89020728,7.20625644,7.51055162,7.87431995,8.378843,8.92087189,9.43663046,9.96065461,10.38712144,10.95893781,11.44928451,11.85286764,12.17131136,12.44616429
"GCAM 6.0 NGFS","Below 2?C (version: 1)","World","Emissions|CO2|AFOLU","Mt CO2/yr",1347.945907,823.6288623,300.6099637,-222.8342567,-746.659963,-1270.916622,-1795.210164,-1794.645175,-1793.927531,-1793.532149,-1793.628925,-1793.369016,-1793.559896,-1793.583502,-1793.535951,-1793.475195,-1793.420832
"GCAM 6.0 NGFS","Below 2?C (version: 1)","World","Emissions|CH4","Mt CH4/yr",320.8162122,323.0404941,300.467089,287.922783,281.3138424,274.8820262,266.3680169,259.5867868,253.0175978,247.1912961,239.1780297,228.0608251,235.9995275,242.4026839,246.2015678,247.9097881,248.3869874
"GCAM 6.0 NGFS","Below 2?C (version: 1)","World","Emissions|CO","Mt CO/yr",756.1192915,670.9373112,578.7305906,525.4816638,477.5515914,441.8811412,412.5865171,380.2967216,354.1848803,331.8570706,313.5260352,303.4506199,309.0727499,311.6408242,311.9204255,312.5628617,313.8979838
"GCAM 6.0 NGFS","Below 2?C (version: 1)","World","Emissions|HFC|HFC125","kt HFC125/yr",66.0725439,75.2165618,82.91947371,75.35527376,70.62963865,58.89929493,50.0093349,33.1648577,26.4889246,23.9862317,21.4311919,18.2820404,19.9796252,20.8359112,20.8301073,20.320526,19.6459729
"GCAM 6.0 NGFS","Below 2?C (version: 1)","World","Emissions|HFC|HFC227ea","kt HFC227ea/yr",3.54645232,3.63234098,4.21787059,4.24628701,4.2873344,4.34345886,4.40716675,4.23963935,3.86112192,3.14204504,2.72410556,2.51559626,2.14783938,1.77964567,1.54830899,1.193943858,0.701181482
"GCAM 6.0 NGFS","Below 2?C (version: 1)","World","Emissions|VOC","Mt VOC/yr",180.5677345,169.3020191,154.2461819,146.8299892,140.065564,134.2811257,128.849149,122.5293785,117.1134991,112.2779617,108.3866049,106.3862919,109.9526512,112.4246334,114.2895353,116.1454115,117.9912618
"GCAM 6.0 NGFS","Below 2?C (version: 1)","World","Emissions|C2F6","kt C2F6/yr",1.374270485,1.485442224,1.299106396,1.284294659,1.28288987,1.247951616,1.185034398,1.109136652,1.100402908,1.087270773,1.070407955,1.039221627,1.036978781,1.022461333,0.995810542,0.961827377,0.931563213
"GCAM 6.0 NGFS","Below 2?C (version: 1)","World","Emissions|Sulfur","Mt SO2/yr",61.32684196,49.93944834,36.37731056,28.92699426,24.46352528,21.71190627,19.95000836,18.81849287,17.53535548,16.11870931,14.77596612,13.55187218,13.59439234,13.54197169,13.30166685,12.98666101,12.58797698
"GCAM 6.0 NGFS","Current Policies (version: 1)","World","Emissions|CO2","Mt CO2/yr",36039.00144,37164.24033,37506.37669,38393.11941,39013.77532,39474.67871,39793.95894,40571.16361,41257.29552,41626.7269,41710.33409,41806.46298,41732.52982,41439.47819,41111.64755,40684.35983,40059.32558
"GCAM 6.0 NGFS","Current Policies (version: 1)","World","Emissions|CO2|Energy and Industrial Processes","Mt CO2/yr",34691.05554,35929.88246,36384.02114,37380.14372,38109.34361,38689.01459,39126.33868,40019.94848,40822.23886,41306.97438,41505.4657,41716.33814,41757.1091,41578.82214,41365.90276,40938.36875,40313.17506
"GCAM 6.0 NGFS","Current Policies (version: 1)","World","Emissions|HFC|HFC23","kt HFC23/yr",12.31255525,14.68964074,16.74053492,18.087127,19.00740989,19.61179019,19.88650633,19.90245994,19.80003197,19.58307804,19.29227364,18.91151183,18.40535594,17.81249036,17.17240621,16.56306033,15.90188956
"GCAM 6.0 NGFS","Current Policies (version: 1)","World","Emissions|HFC|HFC143a","kt HFC143a/yr",71.8350547,85.2365692,106.8452282,109.9307279,113.4014449,111.1896355,105.7714592,80.86656371,72.61325863,75.40240518,78.173419,79.2193541,79.0722822,82.4311269,86.3855728,90.9069185,97.1944307
"GCAM 6.0 NGFS","Current Policies (version: 1)","World","Emissions|NH3","Mt NH3/yr",58.15787211,61.97203274,64.92501119,68.34954371,71.09330829,73.36028878,75.55771637,77.59295006,79.31436146,80.80018955,82.00238222,82.9943132,83.85646347,84.54167876,84.99140816,85.23695068,85.29471483
"GCAM 6.0 NGFS","Current Policies (version: 1)","World","Emissions|F-Gases","Mt CO2-equiv/yr",1236.47321,1386.147765,1635.428186,1706.536259,1760.377697,1756.259011,1711.852231,1438.744203,1339.694377,1360.998662,1381.904629,1381.921926,1366.71195,1408.790357,1456.852237,1499.266053,1577.775998
"GCAM 6.0 NGFS","Current Policies (version: 1)","World","Emissions|PFC","kt CF4-equiv/yr",5.929293139,6.663019765,7.755546339,8.617614277,9.142820354,9.559014765,9.779403857,9.904188171,9.94918677,9.935009343,9.852151928,9.721783413,8.840119559,8.243620918,7.737180614,7.244836751,6.860828318
"GCAM 6.0 NGFS","Current Policies (version: 1)","World","Emissions|HFC","kt HFC134a-equiv/yr",448.9212802,468.5149624,530.5129014,547.4566278,562.0188956,552.4708089,533.2559911,421.5655972,375.8834763,378.9573552,382.2922367,377.2165007,370.7048523,391.7196864,416.5744396,442.9045332,481.6317903
"GCAM 6.0 NGFS","Current Policies (version: 1)","World","Emissions|BC","Mt BC/yr",6.302317246,5.668138288,5.213621798,5.077736872,4.802997311,4.415744128,4.156158,4.028345873,3.920164246,3.852452639,3.797305669,3.74687777,3.715716108,3.700437202,3.695674014,3.707746977,3.728095887
"GCAM 6.0 NGFS","Current Policies (version: 1)","World","Emissions|CF4","kt CF4/yr",4.555021663,5.102774346,5.989018309,6.638575419,7.035381913,7.361560632,7.527629311,7.621464493,7.660978422,7.66742586,7.623283579,7.532965499,6.756520567,6.249144478,5.876585936,5.53076879,5.228158594
"GCAM 6.0 NGFS","Current Policies (version: 1)","World","Emissions|N2O","kt N2O/yr",9124.674776,9673.552649,10136.40414,10686.32457,11018.53662,11472.75316,11894.92439,12292.23828,12639.17161,12983.09198,13262.02496,13525.30772,13694.89609,13791.33825,13847.49698,13918.23691,13999.41269
"GCAM 6.0 NGFS","Current Policies (version: 1)","World","Emissions|OC","Mt OC/yr",25.86905529,24.68443361,22.56602292,23.24578062,22.13273868,19.91436205,18.68894871,18.18176538,17.63231594,17.25947698,16.91357183,16.6340399,16.47464228,16.33057976,16.15543808,16.05286298,15.95291613
"GCAM 6.0 NGFS","Current Policies (version: 1)","World","Emissions|HFC|HFC32","kt HFC32/yr",5.209181383,6.19426338,7.77471001,7.99695838,8.2467883,8.08305325,7.68818915,5.884181884,5.284514961,5.482132637,5.675886053,5.742533802,5.72196487,5.95620501,6.23243608,6.54971594,6.99358168
"GCAM 6.0 NGFS","Current Policies (version: 1)","World","Emissions|NOx","Mt NO2/yr",120.8096474,106.667202,96.08567125,89.88358113,86.4539363,83.51017531,81.52707422,81.4949654,81.75768806,81.95417618,82.09226924,82.11091139,82.35637431,82.78588691,83.3834009,84.05141025,84.69605305
"GCAM 6.0 NGFS","Current Policies (version: 1)","World","Emissions|HFC|HFC134a","kt HFC134a/yr",245.7559411,238.6195687,253.4759014,261.7292833,267.9026556,260.5082647,250.4815706,188.7919623,160.5597098,159.883681,159.4662663,154.5552461,151.4000555,169.3300494,190.4160281,212.1911707,240.7749034
"GCAM 6.0 NGFS","Current Policies (version: 1)","World","Emissions|SF6","kt SF6/yr",3.298970363,3.907114292,4.55327022,4.866892467,4.828673481,5.272906396,5.487221642,5.751475619,6.039211596,6.279000402,6.539933424,6.811388325,7.070975178,7.294108586,7.383660246,6.987855487,7.149465603
"GCAM 6.0 NGFS","Current Policies (version: 1)","World","Emissions|HFC|HFC245fa","kt HFC245fa/yr",3.703861421,4.10938154,6.90644092,7.45810699,8.02194895,8.57687846,9.1218848,9.69755803,10.30989272,10.90675083,11.45435482,11.95376746,12.42696223,12.8542291,13.2223131,13.52657731,13.79797339
"GCAM 6.0 NGFS","Current Policies (version: 1)","World","Emissions|CO2|AFOLU","Mt CO2/yr",1347.945896,1234.357871,1122.355557,1012.975692,904.4317029,785.6641142,667.6202611,551.21513,435.0566593,319.7525219,204.868388,90.124844,-24.57927405,-139.3439441,-254.2552082,-254.0089199,-253.8494805
"GCAM 6.0 NGFS","Current Policies (version: 1)","World","Emissions|CH4","Mt CH4/yr",320.8162241,332.3504848,349.4731017,370.7043309,383.7314283,396.5458579,406.4101421,413.584382,416.1188587,418.3506344,417.2221213,415.408043,410.5150104,406.2395599,401.7712512,395.3983755,388.6285407
"GCAM 6.0 NGFS","Current Policies (version: 1)","World","Emissions|CO","Mt CO/yr",756.1195235,691.391208,619.6862064,613.5685995,578.519619,531.1730018,502.8787675,489.4335901,475.0646806,464.919719,456.4363151,451.6023142,450.3984373,449.5678683,448.0295377,447.5460589,446.7859902
"GCAM 6.0 NGFS","Current Policies (version: 1)","World","Emissions|HFC|HFC125","kt HFC125/yr",66.0724431,78.511117,98.499815,101.3181977,104.4875138,102.416617,97.4167707,74.55206142,66.95339833,69.46348457,71.92789471,72.7831183,72.5338979,75.516363,79.033136,83.0703117,88.7141865
"GCAM 6.0 NGFS","Current Policies (version: 1)","World","Emissions|HFC|HFC227ea","kt HFC227ea/yr",3.54645232,3.63248198,4.22947837,4.28301964,4.34352193,4.40791176,4.47418049,4.36291672,4.08484193,3.5260568,3.1784773,2.99510461,2.68624289,2.37836465,2.16713864,1.85742598,1.40863207
"GCAM 6.0 NGFS","Current Policies (version: 1)","World","Emissions|VOC","Mt VOC/yr",180.5677633,173.8045223,164.1190116,168.7394399,167.0276261,161.8266857,159.9687921,160.6847808,160.3614401,159.8509943,158.6589047,158.6557352,159.5857032,160.2436078,160.9049563,161.6082913,161.8912325
"GCAM 6.0 NGFS","Current Policies (version: 1)","World","Emissions|C2F6","kt C2F6/yr",1.374271476,1.560245419,1.76652803,1.979038858,2.107438441,2.197454132,2.251774546,2.282723678,2.288208348,2.267583482,2.228868348,2.188817914,2.083598992,1.994476441,1.860594677,1.714067961,1.632669724
"GCAM 6.0 NGFS","Current Policies (version: 1)","World","Emissions|Sulfur","Mt SO2/yr",61.32685058,53.63863879,48.58672625,46.54843769,45.36624085,44.16670862,43.48344448,43.24362408,42.74733144,42.04091469,41.11763795,40.0936525,38.8874484,37.71189159,36.56849321,35.41039682,34.01225279
"GCAM 6.0 NGFS","Delayed transition (version: 1)","World","Emissions|CO2","Mt CO2/yr",36038.98085,37164.13405,37506.82097,30369.3466,22516.89732,14910.12368,7417.192214,3484.253421,-167.0040176,-1868.114645,-3378.975812,-4411.247058,-5366.751777,-5380.590894,-5386.848411,-5365.932453,-5333.242659
"GCAM 6.0 NGFS","Delayed transition (version: 1)","World","Emissions|CO2|Energy and Industrial Processes","Mt CO2/yr",34691.03498,35929.77623,36384.4654,30009.39893,22919.65404,16075.26605,9343.382488,5411.606809,1758.523094,58.95328652,-1451.711942,-2484.091383,-3439.854904,-3453.971547,-3460.434928,-3439.661429,-3407.071361
"GCAM 6.0 NGFS","Delayed transition (version: 1)","World","Emissions|HFC|HFC23","kt HFC23/yr",12.31255476,14.68964075,16.74053338,16.73549766,16.68080073,16.52246152,15.4033738,14.71176628,14.16232696,14.44700589,14.48776549,14.40833739,14.09706743,13.93732495,13.63856658,13.37052451,13.14011239
"GCAM 6.0 NGFS","Delayed transition (version: 1)","World","Emissions|HFC|HFC143a","kt HFC143a/yr",71.8344665,85.2358921,106.8440092,93.2410867,81.95276905,63.76582019,50.22003766,28.8790009,19.9544971,22.2522397,22.991794,23.142329,22.0996071,22.5975297,22.3176369,21.5647315,20.7967516
"GCAM 6.0 NGFS","Delayed transition (version: 1)","World","Emissions|NH3","Mt NH3/yr",58.15767283,61.97161245,64.92479233,66.68331492,68.85913913,70.88842759,72.79439142,72.1372388,72.68096001,72.8625667,72.87565327,73.35596043,73.55789523,74.97051297,75.56402737,75.82417998,75.83274031
"GCAM 6.0 NGFS","Delayed transition (version: 1)","World","Emissions|F-Gases","Mt CO2-equiv/yr",1236.463357,1386.134847,1635.409661,1429.391321,1288.116629,1046.130215,878.2891804,646.9740735,554.7245964,576.8679558,582.5598171,581.3559834,565.058669,563.415771,553.7787075,539.3472637,524.7737896
"GCAM 6.0 NGFS","Delayed transition (version: 1)","World","Emissions|PFC","kt CF4-equiv/yr",5.9292956,6.663022648,7.755550021,6.75868313,6.433829739,5.778165242,4.741219941,4.436053598,4.211979593,4.121084445,3.949584903,3.728913923,3.434215096,3.156567349,2.818773226,2.442085845,2.153913113
"GCAM 6.0 NGFS","Delayed transition (version: 1)","World","Emissions|HFC","kt HFC134a-equiv/yr",448.9186783,468.5127395,530.5091394,449.1134327,394.1970768,295.8549743,240.4905758,153.7613241,119.4284446,119.5163589,115.7372322,109.9922684,101.59866,99.22750852,96.81705719,93.33215454,90.46201995
"GCAM 6.0 NGFS","Delayed transition (version: 1)","World","Emissions|BC","Mt BC/yr",6.30247345,5.668267959,5.213744382,4.466124186,3.975559316,3.541114727,3.231641322,2.638226907,2.390918248,2.093778569,1.949349147,1.891738165,1.853441278,1.934501439,1.925001681,1.922892606,1.921356345
"GCAM 6.0 NGFS","Delayed transition (version: 1)","World","Emissions|CF4","kt CF4/yr",4.555023994,5.102778306,5.989023188,5.339932184,5.100243029,4.566118895,3.635061059,3.351261943,3.144754654,3.041531368,2.873201695,2.664447909,2.39709101,2.137016599,1.827499469,1.483103312,1.222343523
"GCAM 6.0 NGFS","Delayed transition (version: 1)","World","Emissions|N2O","kt N2O/yr",9124.674622,9673.527604,10136.38223,9354.578918,9197.067017,8943.058239,8929.043198,8907.229209,8889.187786,8971.39927,8901.548333,8876.789098,8824.232608,9206.308584,9425.554279,9569.906572,9658.488585
"GCAM 6.0 NGFS","Delayed transition (version: 1)","World","Emissions|OC","Mt OC/yr",25.86939152,24.6845363,22.56618422,20.47432905,19.14428165,18.12910756,18.35507571,15.87544804,16.16600014,14.83145835,14.37112405,14.17173654,14.04900022,14.62651944,14.39851821,14.24115679,14.08917532
"GCAM 6.0 NGFS","Delayed transition (version: 1)","World","Emissions|HFC|HFC32","kt HFC32/yr",5.209138382,6.19421475,7.77462141,6.786008184,5.964383079,4.641765742,3.656359256,2.10517822,1.45468219,1.62232713,1.67633875,1.68740479,1.61143665,1.64783064,1.62749734,1.57266408,1.516718985
"GCAM 6.0 NGFS","Delayed transition (version: 1)","World","Emissions|NOx","Mt NO2/yr",120.8076764,106.664791,96.08468199,77.60712301,66.08999464,56.64180076,47.74178154,39.54794083,33.16025486,29.85649878,27.96799008,27.36707935,26.87878817,28.41941294,29.43929054,30.37978187,31.32332584
"GCAM 6.0 NGFS","Delayed transition (version: 1)","World","Emissions|HFC|HFC134a","kt HFC134a/yr",245.7545293,238.6184747,253.4745593,201.7186086,170.5786426,110.8949733,84.03191419,42.79320935,29.28078163,26.83033181,24.06608559,20.95629424,18.03133462,16.39698993,15.59064972,14.72873041,13.84194305
"GCAM 6.0 NGFS","Delayed transition (version: 1)","World","Emissions|SF6","kt SF6/yr",3.29882893,3.906845037,4.552953752,3.783667634,3.523596104,3.166107265,3.150422114,3.394288651,3.699541712,3.96205582,4.199323148,4.427686579,4.593365255,4.677714513,4.716287586,4.72348206,4.699240058
"GCAM 6.0 NGFS","Delayed transition (version: 1)","World","Emissions|HFC|HFC245fa","kt HFC245fa/yr",3.703862472,4.10938207,6.9064408,7.07752899,7.28151427,7.45242768,7.76970752,8.32385564,8.82695038,9.44990002,10.0178774,10.52812125,10.94066767,11.42239427,11.81330798,12.15055789,12.45037319
"GCAM 6.0 NGFS","Delayed transition (version: 1)","World","Emissions|CO2|AFOLU","Mt CO2/yr",1347.945868,1234.357815,1122.355563,359.9476705,-402.7567164,-1165.142371,-1926.190274,-1927.353389,-1925.527112,-1927.067932,-1927.263869,-1927.155675,-1926.896873,-1926.619348,-1926.413482,-1926.271024,-1926.171298
"GCAM 6.0 NGFS","Delayed transition (version: 1)","World","Emissions|CH4","Mt CH4/yr",320.8178628,332.3519298,349.4741926,316.5247749,299.4529637,282.4482462,274.4265414,262.6500993,254.7317578,248.6220116,240.7655481,236.7188424,231.8940758,240.8768225,245.8421356,248.5321202,249.4591326
"GCAM 6.0 NGFS","Delayed transition (version: 1)","World","Emissions|CO","Mt CO/yr",756.1434361,691.4063623,619.7007005,541.3469009,496.177201,461.4396376,445.6153287,377.0236931,365.7425907,330.1035912,314.5567423,307.3575169,302.538585,316.4656497,314.8943073,315.1032952,316.0936077
"GCAM 6.0 NGFS","Delayed transition (version: 1)","World","Emissions|HFC|HFC125","kt HFC125/yr",66.0718815,78.5104887,98.498706,85.9658276,75.55848901,58.80199005,46.31974019,26.6671429,18.4272585,20.5492056,21.2322645,21.3714792,20.408732,20.8687305,20.6102997,19.9152151,19.2059394
"GCAM 6.0 NGFS","Delayed transition (version: 1)","World","Emissions|HFC|HFC227ea","kt HFC227ea/yr",3.54645232,3.63248198,4.22947837,4.24812893,4.2879453,4.34344286,4.40716675,4.23963935,3.86112192,3.14204504,2.72410556,2.51559626,2.14783938,1.77964567,1.54830899,1.193943858,0.701181482
"GCAM 6.0 NGFS","Delayed transition (version: 1)","World","Emissions|VOC","Mt VOC/yr",180.5713564,173.8068376,164.1214477,152.0252441,145.1679936,138.895315,135.4104923,121.4372437,118.9314529,112.1171239,109.0299426,108.5640806,108.5954663,113.3985983,114.9397265,116.7509459,118.4889322
"GCAM 6.0 NGFS","Delayed transition (version: 1)","World","Emissions|C2F6","kt C2F6/yr",1.374271606,1.560244342,1.766526833,1.418750945,1.33358671,1.212046346,1.106158883,1.084791654,1.067224939,1.079553077,1.076383208,1.064466015,1.037124085,1.01955075,0.991273757,0.958982533,0.93156959
"GCAM 6.0 NGFS","Delayed transition (version: 1)","World","Emissions|Sulfur","Mt SO2/yr",61.32308144,53.63255721,48.58415269,36.51859563,28.49352691,23.24127692,20.42230925,18.76071604,17.29020788,15.65556714,14.46585465,14.10140011,13.5547845,13.53448836,13.28667701,12.98046242,12.57340144
"GCAM 6.0 NGFS","Fragmented World (version: 1)","World","Emissions|CO2","Mt CO2/yr",36039.00537,37164.17988,37506.39815,34211.18597,29954.65576,25616.5525,21505.05699,19889.45809,18392.57319,18544.14935,18811.85505,19081.41924,19594.1918,20103.39487,20514.98366,20896.52149,21255.75981
"GCAM 6.0 NGFS","Fragmented World (version: 1)","World","Emissions|CO2|Energy and Industrial Processes","Mt CO2/yr",34691.05943,35929.82201,36384.04259,33397.51829,29449.30174,25429.97442,21636.1894,20022.36673,18526.0885,18678.22561,18945.71034,19214.66155,19726.77403,20235.41506,20646.61743,21027.8841,21386.94684
"GCAM 6.0 NGFS","Fragmented World (version: 1)","World","Emissions|HFC|HFC23","kt HFC23/yr",12.31255522,14.68964097,16.7405349,17.11869829,17.23981022,17.29132932,17.06933744,16.26700845,15.96734133,16.03764648,16.00608631,15.85055897,15.60476043,15.31630344,14.97931043,14.66465379,14.34176595
"GCAM 6.0 NGFS","Fragmented World (version: 1)","World","Emissions|HFC|HFC143a","kt HFC143a/yr",71.8349592,85.2366154,106.8451972,101.3936658,99.855803,93.723128,84.5302342,55.74533066,44.82001971,50.63498291,57.0884281,62.913541,67.4469111,71.3577984,75.614284,79.7196124,84.7583522
"GCAM 6.0 NGFS","Fragmented World (version: 1)","World","Emissions|NH3","Mt NH3/yr",58.1578794,61.97203675,64.92501825,68.79305017,71.49390763,73.68976642,75.70856196,76.94501464,78.19934286,79.45923142,80.62641754,81.59001544,82.51758943,83.23235574,83.67784103,83.94535518,84.05875289
"GCAM 6.0 NGFS","Fragmented World (version: 1)","World","Emissions|F-Gases","Mt CO2-equiv/yr",1236.471835,1386.148166,1635.428,1538.438448,1512.559423,1433.120991,1302.465109,970.8893892,846.5944093,917.2644922,998.7075666,1073.205605,1132.133467,1184.346278,1240.875808,1297.839219,1365.163558
"GCAM 6.0 NGFS","Fragmented World (version: 1)","World","Emissions|PFC","kt CF4-equiv/yr",5.929293161,6.663019256,7.755546338,7.217758562,7.297564433,7.306337004,6.880555408,6.33713113,5.779449173,5.958219155,6.002078335,5.922968934,5.785507324,5.629151221,5.424356896,5.193753182,4.883644656
"GCAM 6.0 NGFS","Fragmented World (version: 1)","World","Emissions|HFC","kt HFC134a-equiv/yr",448.9206653,468.5151267,530.5128403,488.180324,474.6012444,436.5503326,384.1354758,257.2525757,207.5682379,228.3581399,256.1140569,282.9020156,305.0658493,325.09534,348.2525166,374.3810247,407.079007
"GCAM 6.0 NGFS","Fragmented World (version: 1)","World","Emissions|BC","Mt BC/yr",6.302320429,5.668142507,5.213619877,4.926799072,4.518523485,4.098773381,3.781827768,3.566621228,3.347810929,3.245812311,3.171419211,3.121725829,3.129884318,3.147596577,3.163893342,3.192346852,3.230871792
"GCAM 6.0 NGFS","Fragmented World (version: 1)","World","Emissions|CF4","kt CF4/yr",4.555021674,5.102773656,5.989018309,5.62756134,5.686468501,5.681880828,5.312927237,4.802781723,4.292145294,4.459368714,4.512214126,4.452777949,4.338474739,4.203020874,4.028688847,3.830960009,3.566325052
"GCAM 6.0 NGFS","Fragmented World (version: 1)","World","Emissions|N2O","kt N2O/yr",9124.674824,9673.552346,10136.40448,10001.78871,10153.30369,10369.83521,10425.24105,10708.84599,10959.79787,11278.92395,11573.64619,11844.98862,12126.07446,12371.52089,12569.20175,12728.43186,12863.55147
"GCAM 6.0 NGFS","Fragmented World (version: 1)","World","Emissions|OC","Mt OC/yr",25.8690643,24.6844592,22.56601275,23.06065604,21.5040329,19.54398573,18.31780448,17.14753336,16.3707566,15.82051284,15.37157499,15.06454494,14.99472535,14.93322407,14.81428625,14.71645597,14.65045541
"GCAM 6.0 NGFS","Fragmented World (version: 1)","World","Emissions|HFC|HFC32","kt HFC32/yr",5.209174463,6.19426659,7.77470911,7.3752321,7.26023137,6.81081156,6.14083512,4.053742973,3.25920707,3.677484956,4.13968925,4.554578517,4.87502216,5.14957715,5.44796633,5.73501342,6.08795633
"GCAM 6.0 NGFS","Fragmented World (version: 1)","World","Emissions|NOx","Mt NO2/yr",120.8096552,106.6670618,96.08569653,85.4982345,77.85165965,72.18035579,67.62221023,65.45218129,62.63727321,62.44108751,62.55472813,62.80737053,63.86263837,64.94245666,65.95835631,67.08597152,68.29829222
"GCAM 6.0 NGFS","Fragmented World (version: 1)","World","Emissions|HFC|HFC134a","kt HFC134a/yr",245.7555103,238.6196509,253.4758924,222.8079193,212.9154262,186.7432849,153.646226,85.86651808,60.93540348,71.78721539,88.49226577,106.208072,122.447328,138.2190809,156.3473819,175.9559491,199.1971646
"GCAM 6.0 NGFS","Fragmented World (version: 1)","World","Emissions|SF6","kt SF6/yr",3.298968551,3.907109413,4.55327005,4.027729607,3.911375964,4.086815098,3.823827889,3.993217631,4.235712448,4.65292237,5.036227293,5.366158309,5.648272067,5.912662491,6.133454948,6.335055718,6.498160806
"GCAM 6.0 NGFS","Fragmented World (version: 1)","World","Emissions|HFC|HFC245fa","kt HFC245fa/yr",3.703861511,4.10938159,6.90644072,7.25379899,7.62275326,8.01568481,8.40596127,9.04076547,9.59674891,10.24702126,10.83919371,11.3706817,11.86448374,12.31952269,12.70308734,13.02063674,13.31541937
"GCAM 6.0 NGFS","Fragmented World (version: 1)","World","Emissions|CO2|AFOLU","Mt CO2/yr",1347.945931,1234.35787,1122.355565,813.6676801,505.3540224,186.5780863,-131.1324108,-132.9086431,-133.5153146,-134.0762587,-133.8552921,-133.2423068,-132.5822379,-132.0201821,-131.6337698,-131.3626143,-131.1870326
"GCAM 6.0 NGFS","Fragmented World (version: 1)","World","Emissions|CH4","Mt CH4/yr",320.8162358,332.3504411,349.4729361,347.2077292,350.5116214,356.2055782,356.8887661,360.8613641,361.8765814,363.7665381,364.1383825,364.2890792,364.9630376,364.7832784,363.3340476,361.3000156,358.4390594
"GCAM 6.0 NGFS","Fragmented World (version: 1)","World","Emissions|CO","Mt CO/yr",756.1197484,691.3916291,619.6859837,602.7435346,558.0071873,515.1056977,484.7573288,456.0408679,437.1004803,426.1921242,419.1922425,416.6210107,420.2373891,424.1421394,426.7676335,429.5407897,433.0096621
"GCAM 6.0 NGFS","Fragmented World (version: 1)","World","Emissions|HFC|HFC125","kt HFC125/yr",66.0723615,78.511171,98.499807,93.4389202,91.9848599,86.2944163,77.8085591,51.35756697,41.29039068,46.5952458,52.46065059,57.7291314,61.8021148,65.2948069,69.0913708,72.7449527,77.2364106
"GCAM 6.0 NGFS","Fragmented World (version: 1)","World","Emissions|HFC|HFC227ea","kt HFC227ea/yr",3.54645232,3.63248198,4.22947837,4.26382514,4.29018403,4.34777276,4.41237339,4.24866962,3.87560373,3.1593229,2.73997019,2.54158451,2.18950163,1.84651776,1.65600828,1.36694636,0.970895037
"GCAM 6.0 NGFS","Fragmented World (version: 1)","World","Emissions|VOC","Mt VOC/yr",180.5678025,173.8046079,164.1189226,166.4733599,161.3752936,155.4729706,151.3974531,147.7677873,145.4324108,144.3821165,143.3105433,143.4244619,145.1613119,146.7214565,148.1602884,149.7498795,151.3454688
"GCAM 6.0 NGFS","Fragmented World (version: 1)","World","Emissions|C2F6","kt C2F6/yr",1.374271487,1.5602456,1.766528029,1.590197222,1.611095932,1.624456176,1.567628171,1.534349407,1.487303879,1.498850441,1.489864209,1.470190984,1.447032586,1.426130346,1.395668049,1.362793173,1.317319604
"GCAM 6.0 NGFS","Fragmented World (version: 1)","World","Emissions|Sulfur","Mt SO2/yr",61.32686395,53.6384474,48.5868274,42.32482274,37.40443231,33.51204144,31.15591157,29.85869413,28.77748869,28.16719473,27.42981867,26.54380468,25.77958157,25.04796569,24.3388123,23.87534046,23.20927134
"GCAM 6.0 NGFS","Low demand (version: 1)","World","Emissions|CO2","Mt CO2/yr",36039.00478,35050.67672,27470.58728,20135.2307,12797.3795,5565.597499,-1933.313342,-4415.384993,-5657.447004,-6004.793222,-6293.359445,-6543.889931,-6766.509229,-6978.697288,-7177.222142,-7343.348414,-7503.497936
"GCAM 6.0 NGFS","Low demand (version: 1)","World","Emissions|CO2|Energy and Industrial Processes","Mt CO2/yr",34691.05885,34253.37063,27224.09762,20439.45356,13652.3103,6971.058045,22.13685088,-2458.770635,-3701.474817,-4048.740034,-4337.409542,-4588.096666,-4810.868099,-5023.174431,-5221.777807,-5387.932057,-5548.103048
"GCAM 6.0 NGFS","Low demand (version: 1)","World","Emissions|HFC|HFC23","kt HFC23/yr",12.31255524,13.92009278,13.79425548,14.07052807,14.10212706,13.07861163,13.11247946,13.01981972,13.04189235,13.22828172,13.22746784,13.02305566,12.6838906,12.31703026,11.97093688,11.71428846,11.45474641
"GCAM 6.0 NGFS","Low demand (version: 1)","World","Emissions|HFC|HFC143a","kt HFC143a/yr",71.8350187,78.7682952,78.96544031,69.07021472,64.1819119,46.31504725,36.78853248,23.4377581,20.0424119,21.4630777,21.7613846,21.1308405,19.8787029,18.5541187,17.2457828,16.5205745,15.8138583
"GCAM 6.0 NGFS","Low demand (version: 1)","World","Emissions|NH3","Mt NH3/yr",58.15787467,61.17602079,62.01204276,64.00091839,65.5398179,66.12069982,68.68297344,67.07903427,68.42234509,69.84289791,70.96189989,71.78314802,72.19570112,72.39807199,72.47241598,72.4123439,72.29763865
"GCAM 6.0 NGFS","Low demand (version: 1)","World","Emissions|F-Gases","Mt CO2-equiv/yr",1236.47265,1292.424909,1215.422086,1088.358619,1014.641523,798.7157127,708.7704119,562.3742201,525.6850733,538.7470196,539.5240104,528.106202,508.2725341,488.5173932,470.2333815,456.8043467,443.1521457
"GCAM 6.0 NGFS","Low demand (version: 1)","World","Emissions|PFC","kt CF4-equiv/yr",5.929293151,6.361895704,5.592192183,5.282356058,4.89350302,3.979763099,3.958560049,3.847626359,3.774369578,3.697825613,3.551422636,3.334013222,3.067620175,2.769028934,2.446659061,2.100164489,1.83114287
"GCAM 6.0 NGFS","Low demand (version: 1)","World","Emissions|HFC","kt HFC134a-equiv/yr",448.9210178,436.9485175,394.0073376,340.7479631,308.4637831,231.86456,196.4024349,134.2315401,113.7811054,112.0129384,107.3625856,99.87510886,91.13433921,84.71559993,80.2358757,76.8455585,73.98505223
"GCAM 6.0 NGFS","Low demand (version: 1)","World","Emissions|BC","Mt BC/yr",6.302318436,5.762694616,5.089426661,4.367292722,3.702817054,3.001908861,3.038859147,2.142938924,2.070333761,1.956338561,1.917996892,1.88611144,1.856886338,1.82651019,1.798656932,1.773321434,1.755941119
"GCAM 6.0 NGFS","Low demand (version: 1)","World","Emissions|CF4","kt CF4/yr",4.555021664,4.875732694,4.42118971,4.189095038,3.867238556,3.050978682,3.016166271,2.904230659,2.820300736,2.732422663,2.587180091,2.384522613,2.142643736,1.872762834,1.581064122,1.266310175,1.024938318
"GCAM 6.0 NGFS","Low demand (version: 1)","World","Emissions|N2O","kt N2O/yr",9124.674656,9349.467659,8578.379296,8323.317331,8153.182821,7954.260459,8456.222509,8030.246659,8262.330238,8476.823381,8633.516051,8735.773458,8797.894321,8825.398015,8834.673808,8801.259523,8763.812218
"GCAM 6.0 NGFS","Low demand (version: 1)","World","Emissions|OC","Mt OC/yr",25.86906277,25.07680737,23.02364686,20.89006703,18.68668038,17.17909478,20.68529437,14.87561125,15.10420124,14.36205724,14.22890317,14.12727572,14.04478821,13.96151811,13.88847097,13.77655962,13.70922719
"GCAM 6.0 NGFS","Low demand (version: 1)","World","Emissions|HFC|HFC32","kt HFC32/yr",5.209178883,5.725645572,5.749248872,5.028795494,4.67259584,3.371568861,2.678226709,1.70855316,1.46120507,1.5648653,1.58667562,1.54075415,1.44949331,1.35294949,1.25758869,1.20476198,1.153281617
"GCAM 6.0 NGFS","Low demand (version: 1)","World","Emissions|NOx","Mt NO2/yr",120.8096487,110.6637583,89.35192207,70.98824486,57.26190025,42.90907315,37.74796092,30.4359127,28.61798576,28.01966903,27.81392301,27.58645041,27.32033522,27.04596832,26.91450574,26.73446322,26.66327061
"GCAM 6.0 NGFS","Low demand (version: 1)","World","Emissions|HFC|HFC134a","kt HFC134a/yr",245.7557521,221.0335458,180.5866489,148.8460498,128.1139075,89.80518835,72.44304231,38.94775811,27.49105491,25.13072579,22.46088134,19.38476151,16.52028468,14.83969363,14.03243834,13.16753725,12.278859
"GCAM 6.0 NGFS","Low demand (version: 1)","World","Emissions|SF6","kt SF6/yr",3.298970164,3.722791756,3.002625452,2.719245925,2.564687258,2.541859963,2.866952976,3.184562111,3.490374266,3.711892318,3.900349192,4.030397227,4.118934973,4.185181288,4.226152477,4.256064676,4.268625837
"GCAM 6.0 NGFS","Low demand (version: 1)","World","Emissions|HFC|HFC245fa","kt HFC245fa/yr",3.703861421,3.80931853,5.72996497,5.8806446,6.00338005,6.15033275,6.57279306,7.00335784,7.52559997,8.06614761,8.56941242,8.9984923,9.37888428,9.71145855,10.01874797,10.27912545,10.5151033
"GCAM 6.0 NGFS","Low demand (version: 1)","World","Emissions|CO2|AFOLU","Mt CO2/yr",1347.945931,797.3060817,246.4896584,-304.2228613,-854.9308018,-1405.460547,-1955.450192,-1956.614358,-1955.972187,-1956.053188,-1955.949904,-1955.793265,-1955.64113,-1955.522857,-1955.444335,-1955.416357,-1955.394889
"GCAM 6.0 NGFS","Low demand (version: 1)","World","Emissions|CH4","Mt CH4/yr",320.816237,326.6226473,287.9192101,265.2670771,253.4070586,237.6270066,238.2769115,219.6844133,221.8226232,224.9492707,226.44543,227.1280962,227.0099542,226.5060807,225.3635004,222.6558547,220.0012948
"GCAM 6.0 NGFS","Low demand (version: 1)","World","Emissions|CO","Mt CO/yr",756.1196275,701.6252638,607.4866009,544.427359,476.7534403,416.2732649,465.7669702,335.995251,333.3124889,315.3713535,310.0603213,305.8515882,303.1014676,300.8756123,299.3825496,296.8009654,295.3299704
"GCAM 6.0 NGFS","Low demand (version: 1)","World","Emissions|HFC|HFC125","kt HFC125/yr",66.0724081,72.5685555,72.83174164,63.7037175,59.19246849,42.71317308,33.9313978,21.6441737,18.5093017,19.8211463,20.0966231,19.5144042,18.3580861,17.1348878,15.9266625,15.2569482,14.604272
"GCAM 6.0 NGFS","Low demand (version: 1)","World","Emissions|HFC|HFC227ea","kt HFC227ea/yr",3.54645232,3.63360228,4.22091247,4.24611391,4.2872944,4.34344086,4.40716675,4.23963935,3.86112192,3.14204504,2.72410556,2.51559626,2.14783938,1.77964567,1.54830899,1.193943858,0.701181482
"GCAM 6.0 NGFS","Low demand (version: 1)","World","Emissions|VOC","Mt VOC/yr",180.5677894,175.6050046,159.4602683,148.8748514,135.1826129,121.3274625,131.5581209,104.6411607,105.3698717,103.1353204,103.0429616,103.00884,103.7326274,104.3737095,104.8980997,105.6371971,106.3925987
"GCAM 6.0 NGFS","Low demand (version: 1)","World","Emissions|C2F6","kt C2F6/yr",1.374271487,1.486163011,1.171002473,1.09326102,1.026264463,0.928784417,0.942393778,0.9433957,0.954068841,0.96540295,0.964242545,0.949490609,0.924976439,0.896266101,0.865594938,0.833854315,0.806204552
"GCAM 6.0 NGFS","Low demand (version: 1)","World","Emissions|Sulfur","Mt SO2/yr",61.32685302,54.5502955,38.86060414,29.5967329,23.25167889,18.50963945,17.52303104,15.56470378,14.54998216,14.57403518,14.44031235,14.10028888,13.66329854,13.11826223,12.52620118,11.95824762,11.34322897
"GCAM 6.0 NGFS","Nationally Determined Contributions (NDCs) (version: 1)","World","Emissions|CO2","Mt CO2/yr",36039.00354,36610.29247,34842.73089,34724.01557,34261.30215,33447.79134,32144.70705,30718.47637,29122.38859,27499.80013,25948.58179,24579.38441,23177.21692,21821.56339,20506.10592,19089.2692,17659.0374
"GCAM 6.0 NGFS","Nationally Determined Contributions (NDCs) (version: 1)","World","Emissions|CO2|Energy and Industrial Processes","Mt CO2/yr",34691.05761,35490.53679,33949.42355,34057.5315,33823.222,33238.71822,32164.85262,30967.79485,29600.95018,28207.6923,26885.89193,25516.49103,24114.17377,22758.40604,21442.86257,20025.98078,18595.73318
"GCAM 6.0 NGFS","Nationally Determined Contributions (NDCs) (version: 1)","World","Emissions|HFC|HFC23","kt HFC23/yr",12.31255532,14.75430268,16.73611848,18.02197949,18.91627834,19.49752202,19.64116499,19.46824873,19.09178069,18.55336877,17.95975031,17.42013754,17.13864108,16.46365845,15.8415305,15.30252701,14.77807366
"GCAM 6.0 NGFS","Nationally Determined Contributions (NDCs) (version: 1)","World","Emissions|HFC|HFC143a","kt HFC143a/yr",71.8349508,85.0093447,104.101209,105.6803683,104.3965404,98.1380352,93.327451,79.07869624,75.93963584,74.3157132,71.2637445,66.3175477,59.97001459,52.12169281,42.64158043,37.7370436,35.6071478
"GCAM 6.0 NGFS","Nationally Determined Contributions (NDCs) (version: 1)","World","Emissions|NH3","Mt NH3/yr",58.15787962,61.91932482,64.91782742,67.84987382,70.44213528,72.95080155,75.16144352,77.14208751,78.73874715,80.03677077,81.0526284,81.96276435,82.71795876,83.20614339,83.5102448,83.58480736,83.48944576
"GCAM 6.0 NGFS","Nationally Determined Contributions (NDCs) (version: 1)","World","Emissions|F-Gases","Mt CO2-equiv/yr",1236.47169,1386.931381,1593.257224,1634.156169,1635.980588,1578.883003,1494.040241,1300.187574,1258.924515,1245.537738,1214.109426,1155.57313,1079.618454,976.6755817,846.7316029,771.7663869,727.1047167
"GCAM 6.0 NGFS","Nationally Determined Contributions (NDCs) (version: 1)","World","Emissions|PFC","kt CF4-equiv/yr",5.929293292,6.737045485,7.556437885,8.182742854,8.57072913,8.818691133,8.263439096,8.067571637,7.699782686,7.537194332,7.352535757,7.080924513,6.799396571,6.384138616,5.821696646,5.207350368,4.490169196
"GCAM 6.0 NGFS","Nationally Determined Contributions (NDCs) (version: 1)","World","Emissions|HFC","kt HFC134a-equiv/yr",448.9206021,468.9785132,515.994629,520.7476869,516.2054101,487.2921548,442.3677579,355.8343329,342.7151613,340.9810915,331.3745307,309.3306534,278.1017747,237.7795818,184.894239,155.5982581,141.5233344
"GCAM 6.0 NGFS","Nationally Determined Contributions (NDCs) (version: 1)","World","Emissions|BC","Mt BC/yr",6.302320343,5.673115303,5.146270739,4.797534687,4.491188907,4.226447726,3.970216562,3.810386147,3.656803136,3.532428836,3.422279343,3.328899136,3.250958862,3.194592535,3.148408548,3.094027406,3.044025612
"GCAM 6.0 NGFS","Nationally Determined Contributions (NDCs) (version: 1)","World","Emissions|CF4","kt CF4/yr",4.555021794,5.174945206,5.932603561,6.414399886,6.725783306,6.938832662,6.416688439,6.261437724,6.039145292,5.907890973,5.747024719,5.515775802,5.278689565,4.92744201,4.442655254,3.907125817,3.281789766
"GCAM 6.0 NGFS","Nationally Determined Contributions (NDCs) (version: 1)","World","Emissions|N2O","kt N2O/yr",9124.674803,9681.307607,9983.372582,10386.96808,10634.26067,11066.69522,11355.22609,11522.49656,11749.19976,12014.95288,12235.44664,12419.85923,12557.31539,12646.53911,12661.56677,12658.07824,12620.39964
"GCAM 6.0 NGFS","Nationally Determined Contributions (NDCs) (version: 1)","World","Emissions|OC","Mt OC/yr",25.86906548,24.57073311,22.29809427,21.45387183,20.19940442,19.20632862,18.41021762,17.93769583,17.37729083,16.93016028,16.46066453,16.09777836,15.77985468,15.53059786,15.31961232,15.04216918,14.81663788
"GCAM 6.0 NGFS","Nationally Determined Contributions (NDCs) (version: 1)","World","Emissions|HFC|HFC32","kt HFC32/yr",5.209173833,6.17776889,7.57498094,7.68752489,7.59225795,7.13490282,6.78321782,5.746769408,5.514911083,5.39374499,5.170033337,4.810640345,4.351460544,3.785924384,3.104740066,2.75161969,2.596401222
"GCAM 6.0 NGFS","Nationally Determined Contributions (NDCs) (version: 1)","World","Emissions|NOx","Mt NO2/yr",120.8096602,105.8397067,93.62975085,85.38751604,80.71779874,77.43698718,74.54255058,72.71678682,71.074829,69.60367043,68.29412158,67.03701061,66.3220046,65.60385734,64.8445312,64.06969926,63.24211302
"GCAM 6.0 NGFS","Nationally Determined Contributions (NDCs) (version: 1)","World","Emissions|HFC|HFC134a","kt HFC134a/yr",245.7554663,239.4238015,246.3793911,245.6429191,241.980096,223.4743225,186.9418815,129.9556528,125.2426884,129.6900861,128.8931687,119.7833003,104.6796824,84.5117468,55.84786074,39.95886823,31.56904363
"GCAM 6.0 NGFS","Nationally Determined Contributions (NDCs) (version: 1)","World","Emissions|SF6","kt SF6/yr",3.298968081,3.901666705,4.200625115,4.398103966,4.38387248,4.660492014,4.918912284,5.011193723,4.99450887,5.176477192,5.373457654,5.514586254,5.603022318,5.638189443,5.575728531,5.553744457,5.494593769
"GCAM 6.0 NGFS","Nationally Determined Contributions (NDCs) (version: 1)","World","Emissions|HFC|HFC245fa","kt HFC245fa/yr",3.703861521,4.10803283,6.72635901,7.26052867,7.77182015,8.27018813,8.77561909,9.31821965,9.89671682,10.45627044,10.978843,11.46227249,11.90842093,12.3142919,12.66652203,12.93149229,13.15594736
"GCAM 6.0 NGFS","Nationally Determined Contributions (NDCs) (version: 1)","World","Emissions|CO2|AFOLU","Mt CO2/yr",1347.945935,1119.75568,893.3073431,666.4840786,438.0801522,209.0731246,-20.14556766,-249.3184728,-478.5615908,-707.8921641,-937.3101371,-937.106614,-936.9568532,-936.8426493,-936.7566584,-936.7115801,-936.6957847
"GCAM 6.0 NGFS","Nationally Determined Contributions (NDCs) (version: 1)","World","Emissions|CH4","Mt CH4/yr",320.8162472,332.5120526,344.3378346,355.6747709,361.0108711,369.2012117,370.0392649,371.6404582,371.8791033,369.7827978,364.9360786,358.937092,352.6265345,345.0615603,336.9472518,330.4044309,324.1574665
"GCAM 6.0 NGFS","Nationally Determined Contributions (NDCs) (version: 1)","World","Emissions|CO","Mt CO/yr",756.1197666,689.7680811,621.1922413,581.5792591,539.8325746,513.0949596,489.1171702,473.0712528,455.9699178,441.9666314,430.1513429,423.1291653,419.0746591,415.677393,412.5283182,409.0010737,406.4119341
"GCAM 6.0 NGFS","Nationally Determined Contributions (NDCs) (version: 1)","World","Emissions|HFC|HFC125","kt HFC125/yr",66.0723512,78.302082,95.9666441,97.3943668,96.190994,90.3983716,85.9454804,72.81287948,69.87828569,68.3477681,65.5162364,60.9627672,55.14177297,47.96941931,39.32726998,34.8482628,32.8815205
"GCAM 6.0 NGFS","Nationally Determined Contributions (NDCs) (version: 1)","World","Emissions|HFC|HFC227ea","kt HFC227ea/yr",3.54645232,3.63228738,4.22091422,4.26678267,4.32158584,4.38275019,4.44216294,4.28433611,3.89280529,3.15907383,2.74348907,2.53672704,2.17004821,1.79982388,1.558507915,1.197656158,0.705813582
"GCAM 6.0 NGFS","Nationally Determined Contributions (NDCs) (version: 1)","World","Emissions|VOC","Mt VOC/yr",180.5678023,173.0344495,163.393109,160.925225,157.6033894,156.3215257,154.9427331,154.6250894,153.251705,151.3214021,148.7835717,147.5618197,147.1203964,146.6347356,146.4012413,146.1161101,145.8132418
"GCAM 6.0 NGFS","Nationally Determined Contributions (NDCs) (version: 1)","World","Emissions|C2F6","kt C2F6/yr",1.374271498,1.562100279,1.623834324,1.768342968,1.844945825,1.879858472,1.846750657,1.806133913,1.660637395,1.629303358,1.605511039,1.565148711,1.520707006,1.456696607,1.379041392,1.300224551,1.20837943
"GCAM 6.0 NGFS","Nationally Determined Contributions (NDCs) (version: 1)","World","Emissions|Sulfur","Mt SO2/yr",61.32686764,52.45651559,46.31177696,42.83946029,40.25746356,37.97299219,35.88272324,33.47623257,31.306369,29.60820701,28.08510411,26.64934374,25.34428421,23.91507859,22.74107111,21.48591825,20.27686685
"GCAM 6.0 NGFS","Net Zero 2050 (version: 1)","World","Emissions|CO2","Mt CO2/yr",36039.00785,34524.25735,25084.73082,17372.60887,10572.97911,3467.526991,-3614.15108,-5868.262983,-6923.220482,-7169.985093,-7352.230708,-7497.558213,-7619.464555,-7740.685051,-7869.809568,-7980.049369,-8098.224326
"GCAM 6.0 NGFS","Net Zero 2050 (version: 1)","World","Emissions|CO2|Energy and Industrial Processes","Mt CO2/yr",34691.06195,33731.50954,24846.00048,17687.99782,11442.40146,4891.335398,-1636.768501,-3889.334386,-4944.83981,-5191.49203,-5373.814135,-5519.299035,-5641.365143,-5762.702068,-5891.894726,-6002.157944,-6120.348394
"GCAM 6.0 NGFS","Net Zero 2050 (version: 1)","World","Emissions|HFC|HFC23","kt HFC23/yr",12.31255522,14.4566126,14.75204785,15.06925893,15.04612146,14.15178326,14.17143582,14.11907774,14.11276659,14.36774791,14.37578955,14.11433385,13.70084021,13.2718869,12.88479306,12.61174024,12.33808509
"GCAM 6.0 NGFS","Net Zero 2050 (version: 1)","World","Emissions|HFC|HFC143a","kt HFC143a/yr",71.8349592,80.5155284,80.82684907,74.80837925,69.45002809,48.88178023,38.58350924,24.0656484,20.1224681,21.6088634,21.8882238,21.0653498,19.6758333,18.2190877,16.8842604,16.1068166,15.3839187
"GCAM 6.0 NGFS","Net Zero 2050 (version: 1)","World","Emissions|NH3","Mt NH3/yr",58.15787902,61.45534688,62.90855464,64.80753598,66.30328384,66.53088353,69.24516862,67.75422212,68.97738227,70.45967556,71.58687599,72.40350429,72.73913092,72.8564133,72.88193579,72.79293362,72.65266177
"GCAM 6.0 NGFS","Net Zero 2050 (version: 1)","World","Emissions|F-Gases","Mt CO2-equiv/yr",1236.471861,1312.810274,1243.136593,1153.77862,1088.526747,857.4696234,761.564084,605.69343,562.6444516,577.5591484,578.2369917,564.0578655,541.618386,519.4803028,499.9300598,485.4915955,471.3518562
"GCAM 6.0 NGFS","Net Zero 2050 (version: 1)","World","Emissions|PFC","kt CF4-equiv/yr",5.92929304,6.278989487,5.644533234,5.321693068,5.000054537,4.318815419,4.307502106,4.219505981,4.140026453,4.065069136,3.904811588,3.65783879,3.358812267,3.028017906,2.673022182,2.29510955,2.01056427
"GCAM 6.0 NGFS","Net Zero 2050 (version: 1)","World","Emissions|HFC","kt HFC134a-equiv/yr",448.9206905,440.7946348,399.2585415,357.7153756,328.9739803,246.1977442,208.837223,141.9482021,119.32695,117.8344097,113.2030368,105.2545428,96.11845928,89.3071957,84.63584999,81.07663991,78.20943432
"GCAM 6.0 NGFS","Net Zero 2050 (version: 1)","World","Emissions|BC","Mt BC/yr",6.302319205,5.448884984,4.612753366,3.927563534,3.332094801,2.641141,2.856487548,1.995416256,1.944883071,1.852474223,1.830726848,1.812641114,1.793296686,1.769059379,1.743485864,1.720930848,1.705951975
"GCAM 6.0 NGFS","Net Zero 2050 (version: 1)","World","Emissions|CF4","kt CF4/yr",4.555021563,4.867660874,4.47882467,4.214022871,3.9171757,3.301175437,3.273417921,3.178049995,3.086712494,2.997428939,2.838941937,2.61016243,2.3401025,2.042425924,1.721658481,1.377708884,1.122203489
"GCAM 6.0 NGFS","Net Zero 2050 (version: 1)","World","Emissions|N2O","kt N2O/yr",9124.675051,9104.160587,8269.986046,8109.002926,8055.90996,7875.185692,8443.215586,7986.255252,8168.294293,8382.323865,8528.844524,8620.629131,8672.320366,8685.075567,8680.782898,8644.370271,8600.23584
"GCAM 6.0 NGFS","Net Zero 2050 (version: 1)","World","Emissions|OC","Mt OC/yr",25.86906483,23.60448395,21.25504483,19.24267425,17.49902367,16.20075888,20.55516838,14.51637674,14.7906294,14.17503128,14.0922538,14.03630558,13.98757929,13.92095566,13.8383721,13.73508607,13.67192193
"GCAM 6.0 NGFS","Net Zero 2050 (version: 1)","World","Emissions|HFC|HFC32","kt HFC32/yr",5.209174853,5.853183989,5.885559115,5.447007398,5.056539509,3.558415378,2.808726866,1.75422341,1.46695199,1.57542375,1.59586477,1.53592073,1.4346475,1.32847381,1.23118918,1.17455963,1.121905783
"GCAM 6.0 NGFS","Net Zero 2050 (version: 1)","World","Emissions|NOx","Mt NO2/yr",120.8096547,101.4869634,76.88346008,61.10166578,49.9515067,36.83832516,34.44996097,27.51651831,25.82782991,25.22723411,25.14192294,25.11193393,25.00378533,24.90099448,24.85567657,24.77852077,24.81788969
"GCAM 6.0 NGFS","Net Zero 2050 (version: 1)","World","Emissions|HFC|HFC134a","kt HFC134a/yr",245.7555242,221.7079713,181.743536,153.8512521,136.9121254,96.10673831,78.02569986,41.8068519,29.11410403,26.69740827,23.98249357,20.85970222,17.95561812,16.2457005,15.41765473,14.54626457,13.64681133
"GCAM 6.0 NGFS","Net Zero 2050 (version: 1)","World","Emissions|SF6","kt SF6/yr",3.298968803,3.66921198,2.842378214,2.625426423,2.759266041,2.963986671,3.334050272,3.760115484,4.063833305,4.296500491,4.483785793,4.604886562,4.684940542,4.74197451,4.772476439,4.793716531,4.802688746
"GCAM 6.0 NGFS","Net Zero 2050 (version: 1)","World","Emissions|HFC|HFC245fa","kt HFC245fa/yr",3.703861511,4.02525243,6.36873183,6.54536692,6.7690087,7.08225866,7.58511994,8.13093636,8.75724688,9.37988098,9.95582342,10.43590134,10.86222831,11.24065496,11.59440208,11.9112809,12.18913834
"GCAM 6.0 NGFS","Net Zero 2050 (version: 1)","World","Emissions|CO2|AFOLU","Mt CO2/yr",1347.945899,792.7478152,238.7303344,-315.3889548,-869.4223427,-1423.808406,-1977.382579,-1978.928598,-1978.380673,-1978.493063,-1978.416573,-1978.259178,-1978.099411,-1977.982983,-1977.914842,-1977.891425,-1977.875933
"GCAM 6.0 NGFS","Net Zero 2050 (version: 1)","World","Emissions|CH4","Mt CH4/yr",320.8162403,316.2325581,272.2087516,257.4524478,247.5658193,232.602527,234.4653799,214.9139668,215.4195178,218.5279431,219.685296,220.0194892,220.0138411,219.4992016,218.1315302,215.2702858,212.830466
"GCAM 6.0 NGFS","Net Zero 2050 (version: 1)","World","Emissions|CO","Mt CO/yr",756.1197126,662.6823807,569.0289773,501.3923254,437.0961093,378.9354217,450.0436207,318.3091744,317.6732298,302.6354202,299.3705276,297.589614,296.1901379,294.7384882,293.4078046,291.375983,290.3141913
"GCAM 6.0 NGFS","Net Zero 2050 (version: 1)","World","Emissions|HFC|HFC125","kt HFC125/yr",66.0723615,74.1830409,74.55752929,69.00082704,64.05569113,45.08068975,35.585357,22.2232625,18.5825675,19.9552864,20.213265,19.4534667,18.1703621,16.8251866,15.5925663,14.8746675,14.2071067
"GCAM 6.0 NGFS","Net Zero 2050 (version: 1)","World","Emissions|HFC|HFC227ea","kt HFC227ea/yr",3.54645232,3.63055668,4.21466958,4.24606131,4.2872944,4.34344086,4.40716675,4.23963935,3.86112192,3.14204504,2.72410556,2.51559626,2.14783938,1.77964567,1.54830899,1.193943858,0.701181482
"GCAM 6.0 NGFS","Net Zero 2050 (version: 1)","World","Emissions|VOC","Mt VOC/yr",180.5678047,167.531696,150.4015165,138.4486219,126.9101794,114.4578315,129.6677604,102.8176181,104.1883549,102.735775,103.3063464,104.4903286,105.7342668,106.6147035,107.6557201,108.7760299,109.7861034
"GCAM 6.0 NGFS","Net Zero 2050 (version: 1)","World","Emissions|C2F6","kt C2F6/yr",1.374271477,1.411328613,1.165708565,1.107670197,1.082878837,1.017639982,1.034084185,1.041455985,1.053313959,1.067640196,1.065869651,1.047676361,1.018709767,0.985591982,0.9513637,0.917400666,0.888360781
"GCAM 6.0 NGFS","Net Zero 2050 (version: 1)","World","Emissions|Sulfur","Mt SO2/yr",61.32686461,48.75467828,30.79055127,23.24340257,19.28351021,16.26469763,15.80308561,13.97378483,13.55261757,13.67244369,13.68203346,13.49403392,13.16025629,12.69866154,12.18374234,11.6708601,11.08078767
" NGFS Phase 4 Scenario Explorer https://data.ene.iiasa.ac.at/ngfs"